{"cameraMode":{"drawMode":0,"name":"Shaded","section":"Shading Mode"},"sceneLighting":false,"audioPlay":false,"sceneViewState":{"m_AlwaysRefresh":true,"showFog":true,"showSkybox":true,"showFlares":true,"showImageEffects":true,"showParticleSystems":true,"showVisualEffectGraphs":true,"m_FxEnabled":false},"in2DMode":false,"pivot":{"x":1.1195201873779297,"y":-0.48353445529937746,"z":-0.6800804138183594},"rotation":{"x":0.09695392847061157,"y":0.3039465546607971,"z":-0.03111010603606701,"w":0.9472314119338989},"size":3.0439488887786867,"orthographic":false}